alias,baseCcy,category,ctMult,ctType,ctVal,ctValCcy,expTime,instId,instType,lever,listTime,lotSz,maxIcebergSz,maxLmtSz,maxMktSz,maxStopSz,maxTriggerSz,maxTwapSz,minSz,optType,quoteCcy,settleCcy,state,stk,tickSz,uly
,,1,1,inverse,100,USD,,BTC-USD-SWAP,SWAP,125,1611916828000,1,100000000,100000000,4000,4000,100000000,100000000,1,,,BTC,live,,0.1,BTC-USD
,,1,1,inverse,10,USD,,ETH-USD-SWAP,SWAP,125,1611916828000,1,100000000,100000000,30000,30000,100000000,100000000,1,,,ETH,live,,0.01,ETH-USD
,,1,1,inverse,10,USD,,LTC-USD-SWAP,SWAP,75,1611916828000,1,100000000,100000000,30000,30000,100000000,100000000,1,,,LTC,live,,0.01,LTC-USD
,,1,1,inverse,10,USD,,DOT-USD-SWAP,SWAP,75,1611916828000,1,100000000,100000000,10000,10000,100000000,100000000,1,,,DOT,live,,0.001,DOT-USD
,,1,1,inverse,10,USD,,DOGE-USD-SWAP,SWAP,75,1612263452000,1,100000000,100000000,10000,10000,100000000,100000000,1,,,DOGE,live,,0.00001,DOGE-USD
,,1,1,inverse,10,USD,,XRP-USD-SWAP,SWAP,75,1611916828000,1,100000000,100000000,30000,30000,100000000,100000000,1,,,XRP,live,,0.00001,XRP-USD
,,1,1,inverse,10,USD,,FIL-USD-SWAP,SWAP,75,1611916828000,1,100000000,100000000,10000,10000,100000000,100000000,1,,,FIL,live,,0.001,FIL-USD
,,1,1,inverse,10,USD,,EOS-USD-SWAP,SWAP,75,1611833669000,1,100000000,100000000,30000,30000,100000000,100000000,1,,,EOS,live,,0.0001,EOS-USD
,,1,1,inverse,10,USD,,1INCH-USD-SWAP,SWAP,75,1617959702000,1,100000000,100000000,4000,4000,100000000,100000000,1,,,1INCH,live,,0.0001,1INCH-USD
,,1,1,inverse,10,USD,,ADA-USD-SWAP,SWAP,75,1611916828000,1,100000000,100000000,10000,10000,100000000,100000000,1,,,ADA,live,,0.00001,ADA-USD
,,1,1,inverse,10,USD,,ALGO-USD-SWAP,SWAP,75,1611916828000,1,100000000,100000000,10000,10000,100000000,100000000,1,,,ALGO,live,,0.0001,ALGO-USD
,,1,1,inverse,10,USD,,ATOM-USD-SWAP,SWAP,75,1611916828000,1,100000000,100000000,10000,10000,100000000,100000000,1,,,ATOM,live,,0.001,ATOM-USD
,,1,1,inverse,10,USD,,AVAX-USD-SWAP,SWAP,75,1637833836000,1,100000000,100000000,10000,10000,100000000,100000000,1,,,AVAX,live,,0.01,AVAX-USD
,,1,1,inverse,10,USD,,BCH-USD-SWAP,SWAP,75,1611916828000,1,100000000,100000000,30000,30000,100000000,100000000,1,,,BCH,live,,0.01,BCH-USD
,,1,1,inverse,10,USD,,BSV-USD-SWAP,SWAP,75,1611916828000,1,100000000,100000000,20000,20000,100000000,100000000,1,,,BSV,live,,0.01,BSV-USD
,,1,1,inverse,10,USD,,CRV-USD-SWAP,SWAP,75,1611916828000,1,100000000,100000000,10000,10000,100000000,100000000,1,,,CRV,live,,0.001,CRV-USD
,,1,1,inverse,10,USD,,DASH-USD-SWAP,SWAP,75,1611916828000,1,100000000,100000000,10000,10000,100000000,100000000,1,,,DASH,live,,0.01,DASH-USD
,,1,1,inverse,10,USD,,ETC-USD-SWAP,SWAP,75,1611916828000,1,100000000,100000000,20000,20000,100000000,100000000,1,,,ETC,live,,0.001,ETC-USD
,,1,1,inverse,10,USD,,GRT-USD-SWAP,SWAP,75,1617959702000,1,100000000,100000000,7000,7000,100000000,100000000,1,,,GRT,live,,0.0001,GRT-USD
,,1,1,inverse,10,USD,,IOST-USD-SWAP,SWAP,75,1611916828000,1,100000000,100000000,10000,10000,100000000,100000000,1,,,IOST,live,,0.00001,IOST-USD
,,1,1,inverse,10,USD,,IOTA-USD-SWAP,SWAP,75,1611916828000,1,100000000,100000000,3000,3000,100000000,100000000,1,,,IOTA,live,,0.0001,IOTA-USD
,,1,1,inverse,10,USD,,KNC-USD-SWAP,SWAP,75,1611916828000,1,100000000,100000000,2000,2000,100000000,100000000,1,,,KNC,live,,0.0001,KNC-USD
,,1,1,inverse,10,USD,,KSM-USD-SWAP,SWAP,75,1617959702000,1,100000000,100000000,10000,10000,100000000,100000000,1,,,KSM,live,,0.01,KSM-USD
,,1,1,inverse,10,USD,,LINK-USD-SWAP,SWAP,75,1611916828000,1,100000000,100000000,20000,20000,100000000,100000000,1,,,LINK,live,,0.001,LINK-USD
,,1,1,inverse,10,USD,,MANA-USD-SWAP,SWAP,75,1637833854000,1,100000000,100000000,10000,10000,100000000,100000000,1,,,MANA,live,,0.0001,MANA-USD
,,1,1,inverse,10,USD,,NEO-USD-SWAP,SWAP,75,1611916828000,1,100000000,100000000,10000,10000,100000000,100000000,1,,,NEO,live,,0.001,NEO-USD
,,1,1,inverse,10,USD,,ONT-USD-SWAP,SWAP,75,1611916828000,1,100000000,100000000,6000,6000,100000000,100000000,1,,,ONT,live,,0.0001,ONT-USD
,,1,1,inverse,10,USD,,QTUM-USD-SWAP,SWAP,75,1611916828000,1,100000000,100000000,9000,9000,100000000,100000000,1,,,QTUM,live,,0.001,QTUM-USD
,,1,1,inverse,10,USD,,SAND-USD-SWAP,SWAP,75,1637833844000,1,100000000,100000000,10000,10000,100000000,100000000,1,,,SAND,live,,0.0001,SAND-USD
,,1,1,inverse,10,USD,,SOL-USD-SWAP,SWAP,75,1637833825000,1,100000000,100000000,10000,10000,100000000,100000000,1,,,SOL,live,,0.01,SOL-USD
,,1,1,inverse,10,USD,,SUSHI-USD-SWAP,SWAP,75,1611916828000,1,100000000,100000000,10000,10000,100000000,100000000,1,,,SUSHI,live,,0.001,SUSHI-USD
,,1,1,inverse,10,USD,,THETA-USD-SWAP,SWAP,75,1611916828000,1,100000000,100000000,10000,10000,100000000,100000000,1,,,THETA,live,,0.001,THETA-USD
,,1,1,inverse,10,USD,,TRX-USD-SWAP,SWAP,75,1611916828000,1,100000000,100000000,15000,15000,100000000,100000000,1,,,TRX,live,,0.00001,TRX-USD
,,1,1,inverse,10,USD,,UNI-USD-SWAP,SWAP,75,1611916828000,1,100000000,100000000,10000,10000,100000000,100000000,1,,,UNI,live,,0.001,UNI-USD
,,1,1,inverse,10,USD,,XLM-USD-SWAP,SWAP,75,1611916828000,1,100000000,100000000,10000,10000,100000000,100000000,1,,,XLM,live,,0.00001,XLM-USD
,,1,1,inverse,10,USD,,XMR-USD-SWAP,SWAP,75,1611916828000,1,100000000,100000000,10000,10000,100000000,100000000,1,,,XMR,live,,0.01,XMR-USD
,,1,1,inverse,10,USD,,XTZ-USD-SWAP,SWAP,75,1611916828000,1,100000000,100000000,10000,10000,100000000,100000000,1,,,XTZ,live,,0.001,XTZ-USD
,,1,1,inverse,10,USD,,YFI-USD-SWAP,SWAP,75,1611916828000,1,100000000,100000000,10000,10000,100000000,100000000,1,,,YFI,live,,1,YFI-USD
,,1,1,inverse,10,USD,,YFII-USD-SWAP,SWAP,75,1611916828000,1,100000000,100000000,10000,10000,100000000,100000000,1,,,YFII,live,,0.1,YFII-USD
,,1,1,inverse,10,USD,,ZEC-USD-SWAP,SWAP,75,1611916828000,1,100000000,100000000,10000,10000,100000000,100000000,1,,,ZEC,live,,0.01,ZEC-USD
,,1,1,linear,0.01,BTC,,BTC-USDT-SWAP,SWAP,125,1611916828000,1,100000000,100000000,1600,1600,100000000,100000000,1,,,USDT,live,,0.1,BTC-USDT
,,1,1,linear,0.1,ETH,,ETH-USDT-SWAP,SWAP,125,1611916828000,1,100000000,100000000,4500,4500,100000000,100000000,1,,,USDT,live,,0.01,ETH-USDT
,,1,1,linear,1,LTC,,LTC-USDT-SWAP,SWAP,75,1611916828000,1,100000000,100000000,1500,1500,100000000,100000000,1,,,USDT,live,,0.01,LTC-USDT
,,1,1,linear,1,DOT,,DOT-USDT-SWAP,SWAP,75,1611916828000,1,100000000,100000000,6000,6000,100000000,100000000,1,,,USDT,live,,0.001,DOT-USDT
,,1,1,linear,1000,DOGE,,DOGE-USDT-SWAP,SWAP,75,1611916828000,1,100000000,100000000,4000,4000,100000000,100000000,1,,,USDT,live,,0.00001,DOGE-USDT
,,1,1,linear,0.1,ETHW,,ETHW-USDT-SWAP,SWAP,75,1663311331000,1,100000000,100000000,16000,16000,100000000,100000000,1,,,USDT,live,,0.001,ETHW-USDT
,,1,1,linear,10000,LUNC,,LUNC-USDT-SWAP,SWAP,75,1662706704000,1,100000000,100000000,20000,20000,100000000,100000000,1,,,USDT,live,,0.00000001,LUNC-USDT
,,1,1,linear,1,LUNA,,LUNA-USDT-SWAP,SWAP,75,1653746082000,1,100000000,100000000,12000,12000,100000000,100000000,1,,,USDT,live,,0.0001,LUNA-USDT
,,1,1,linear,100,XRP,,XRP-USDT-SWAP,SWAP,75,1611916828000,1,100000000,100000000,5000,5000,100000000,100000000,1,,,USDT,live,,0.00001,XRP-USDT
,,1,1,linear,0.1,FIL,,FIL-USDT-SWAP,SWAP,75,1611916828000,1,100000000,100000000,51000,51000,100000000,100000000,1,,,USDT,live,,0.001,FIL-USDT
,,1,1,linear,10,EOS,,EOS-USDT-SWAP,SWAP,75,1611833668000,1,100000000,100000000,6000,6000,100000000,100000000,1,,,USDT,live,,0.0001,EOS-USDT
,,1,1,linear,1,1INCH,,1INCH-USDT-SWAP,SWAP,75,1611916828000,1,100000000,100000000,60000,60000,100000000,100000000,1,,,USDT,live,,0.0001,1INCH-USDT
,,1,1,linear,0.1,AAVE,,AAVE-USDT-SWAP,SWAP,75,1611916828000,1,100000000,100000000,6000,6000,100000000,100000000,1,,,USDT,live,,0.01,AAVE-USDT
,,1,1,linear,100,ADA,,ADA-USDT-SWAP,SWAP,75,1611916828000,1,100000000,100000000,2000,2000,100000000,100000000,1,,,USDT,live,,0.00001,ADA-USDT
,,1,1,linear,1,AGLD,,AGLD-USDT-SWAP,SWAP,75,1631008650000,1,100000000,100000000,22000,22000,100000000,100000000,1,,,USDT,live,,0.0001,AGLD-USDT
,,1,1,linear,10,ALGO,,ALGO-USDT-SWAP,SWAP,75,1611916828000,1,100000000,100000000,10000,10000,100000000,100000000,1,,,USDT,live,,0.0001,ALGO-USDT
,,1,1,linear,1,ALPHA,,ALPHA-USDT-SWAP,SWAP,75,1616057942000,1,100000000,100000000,66000,66000,100000000,100000000,1,,,USDT,live,,0.0001,ALPHA-USDT
,,1,1,linear,1,ANT,,ANT-USDT-SWAP,SWAP,75,1611916828000,1,100000000,100000000,15000,15000,100000000,100000000,1,,,USDT,live,,0.001,ANT-USDT
,,1,1,linear,0.1,APE,,APE-USDT-SWAP,SWAP,75,1647522059000,1,100000000,100000000,100000,100000,100000000,100000000,1,,,USDT,live,,0.0001,APE-USDT
,,1,1,linear,1,API3,,API3-USDT-SWAP,SWAP,75,1646297716000,1,100000000,100000000,12000,12000,100000000,100000000,1,,,USDT,live,,0.001,API3-USDT
,,1,1,linear,10,ASTR,,ASTR-USDT-SWAP,SWAP,75,1649919238000,1,100000000,100000000,40000,40000,100000000,100000000,1,,,USDT,live,,0.0001,ASTR-USDT
,,1,1,linear,1,ATOM,,ATOM-USDT-SWAP,SWAP,75,1611916828000,1,100000000,100000000,4000,4000,100000000,100000000,1,,,USDT,live,,0.001,ATOM-USDT
,,1,1,linear,1,AVAX,,AVAX-USDT-SWAP,SWAP,75,1611916828000,1,100000000,100000000,1500,1500,100000000,100000000,1,,,USDT,live,,0.01,AVAX-USDT
,,1,1,linear,0.1,AXS,,AXS-USDT-SWAP,SWAP,75,1627462698000,1,100000000,100000000,25000,25000,100000000,100000000,1,,,USDT,live,,0.01,AXS-USDT
,,1,1,linear,1000000000,BABYDOGE,,BABYDOGE-USDT-SWAP,SWAP,75,1636113033000,1,100000000,100000000,30000,30000,100000000,100000000,1,,,USDT,live,,0.000000000001,BABYDOGE-USDT
,,1,1,linear,0.1,BADGER,,BADGER-USDT-SWAP,SWAP,75,1611925859000,1,100000000,100000000,48000,48000,100000000,100000000,1,,,USDT,live,,0.001,BADGER-USDT
,,1,1,linear,0.1,BAL,,BAL-USDT-SWAP,SWAP,75,1611916828000,1,100000000,100000000,31000,31000,100000000,100000000,1,,,USDT,live,,0.001,BAL-USDT
,,1,1,linear,1,BAND,,BAND-USDT-SWAP,SWAP,75,1611916828000,1,100000000,100000000,10000,10000,100000000,100000000,1,,,USDT,live,,0.001,BAND-USDT
,,1,1,linear,10,BAT,,BAT-USDT-SWAP,SWAP,75,1611916828000,1,100000000,100000000,10000,10000,100000000,100000000,1,,,USDT,live,,0.0001,BAT-USDT
,,1,1,linear,0.1,BCH,,BCH-USDT-SWAP,SWAP,75,1611916828000,1,100000000,100000000,6000,6000,100000000,100000000,1,,,USDT,live,,0.01,BCH-USDT
,,1,1,linear,1,BICO,,BICO-USDT-SWAP,SWAP,75,1639032617000,1,100000000,100000000,16000,16000,100000000,100000000,1,,,USDT,live,,0.001,BICO-USDT
,,1,1,linear,10,BNT,,BNT-USDT-SWAP,SWAP,75,1611916828000,1,100000000,100000000,1000,1000,100000000,100000000,1,,,USDT,live,,0.0001,BNT-USDT
,,1,1,linear,1,BSV,,BSV-USDT-SWAP,SWAP,75,1611916828000,1,1000000,1000000,1000,1000,1000000,1000000,1,,,USDT,live,,0.01,BSV-USDT
,,1,1,linear,1000000,BTT,,BTT-USDT-SWAP,SWAP,75,1646297706000,1,100000000,100000000,50000,50000,100000000,100000000,1,,,USDT,live,,0.000000001,BTT-USDT
,,1,1,linear,1,CELO,,CELO-USDT-SWAP,SWAP,75,1632477785000,1,100000000,100000000,14000,14000,100000000,100000000,1,,,USDT,live,,0.001,CELO-USDT
,,1,1,linear,10,CEL,,CEL-USDT-SWAP,SWAP,75,1655448879000,1,100000000,100000000,16000,16000,100000000,100000000,1,,,USDT,live,,0.0001,CEL-USDT
,,1,1,linear,10,CFX,,CFX-USDT-SWAP,SWAP,75,1615542950000,1,100000000,100000000,21000,21000,100000000,100000000,1,,,USDT,live,,0.00001,CFX-USDT
,,1,1,linear,10,CHZ,,CHZ-USDT-SWAP,SWAP,75,1615542950000,1,100000000,100000000,55000,55000,100000000,100000000,1,,,USDT,live,,0.00001,CHZ-USDT
,,1,1,linear,0.1,COMP,,COMP-USDT-SWAP,SWAP,75,1611916828000,1,100000000,100000000,8000,8000,100000000,100000000,1,,,USDT,live,,0.01,COMP-USDT
,,1,1,linear,10,CRO,,CRO-USDT-SWAP,SWAP,75,1617872003000,1,100000000,100000000,24000,24000,100000000,100000000,1,,,USDT,live,,0.0001,CRO-USDT
,,1,1,linear,1,CRV,,CRV-USDT-SWAP,SWAP,75,1611916828000,1,100000000,100000000,34000,34000,100000000,100000000,1,,,USDT,live,,0.001,CRV-USDT
,,1,1,linear,1,CSPR,,CSPR-USDT-SWAP,SWAP,75,1620982205000,1,100000000,100000000,300000,300000,100000000,100000000,1,,,USDT,live,,0.00001,CSPR-USDT
,,1,1,linear,100,CVC,,CVC-USDT-SWAP,SWAP,75,1611916828000,1,100000000,100000000,3000,3000,100000000,100000000,1,,,USDT,live,,0.0001,CVC-USDT
,,1,1,linear,0.1,DASH,,DASH-USDT-SWAP,SWAP,75,1611916828000,1,100000000,100000000,10000,10000,100000000,100000000,1,,,USDT,live,,0.01,DASH-USDT
,,1,1,linear,100,DOME,,DOME-USDT-SWAP,SWAP,75,1646722523000,1,100000000,100000000,20000,20000,100000000,100000000,1,,,USDT,live,,0.00001,DOME-USDT
,,1,1,linear,0.1,DORA,,DORA-USDT-SWAP,SWAP,75,1617269910000,1,100000000,100000000,24000,24000,100000000,100000000,1,,,USDT,live,,0.001,DORA-USDT
,,1,1,linear,1,DYDX,,DYDX-USDT-SWAP,SWAP,75,1631117510000,1,100000000,100000000,15000,15000,100000000,100000000,1,,,USDT,live,,0.001,DYDX-USDT
,,1,1,linear,0.1,EGLD,,EGLD-USDT-SWAP,SWAP,75,1611916828000,1,100000000,100000000,7000,7000,100000000,100000000,1,,,USDT,live,,0.01,EGLD-USDT
,,1,1,linear,1000000,ELON,,ELON-USDT-SWAP,SWAP,75,1636113028000,1,100000000,100000000,100000,100000,100000000,100000000,1,,,USDT,live,,0.0000000001,ELON-USDT
,,1,1,linear,1,ENJ,,ENJ-USDT-SWAP,SWAP,75,1617269910000,1,100000000,100000000,55000,55000,100000000,100000000,1,,,USDT,live,,0.0001,ENJ-USDT
,,1,1,linear,0.1,ENS,,ENS-USDT-SWAP,SWAP,75,1636623946000,1,100000000,100000000,33000,33000,100000000,100000000,1,,,USDT,live,,0.01,ENS-USDT
,,1,1,linear,10,ETC,,ETC-USDT-SWAP,SWAP,75,1611916828000,1,100000000,100000000,2000,2000,100000000,100000000,1,,,USDT,live,,0.001,ETC-USDT
,,1,1,linear,10,FITFI,,FITFI-USDT-SWAP,SWAP,75,1652252159000,1,100000000,100000000,25000,25000,100000000,100000000,1,,,USDT,live,,0.0001,FITFI-USDT
,,1,1,linear,10,FLM,,FLM-USDT-SWAP,SWAP,75,1611916828000,1,100000000,100000000,8000,8000,100000000,100000000,1,,,USDT,live,,0.0001,FLM-USDT
,,1,1,linear,10,FTM,,FTM-USDT-SWAP,SWAP,75,1616057943000,1,100000000,100000000,4000,4000,100000000,100000000,1,,,USDT,live,,0.0001,FTM-USDT
,,1,1,linear,10,GALA,,GALA-USDT-SWAP,SWAP,75,1632477789000,1,100000000,100000000,100000,100000,100000000,100000000,1,,,USDT,live,,0.00001,GALA-USDT
,,1,1,linear,1,GMT,,GMT-USDT-SWAP,SWAP,75,1648803369000,1,100000000,100000000,40000,40000,100000000,100000000,1,,,USDT,live,,0.0001,GMT-USDT
,,1,1,linear,1,GODS,,GODS-USDT-SWAP,SWAP,75,1636113037000,1,100000000,100000000,15000,15000,100000000,100000000,1,,,USDT,live,,0.0001,GODS-USDT
,,1,1,linear,10,GRT,,GRT-USDT-SWAP,SWAP,75,1611916828000,1,100000000,100000000,24000,24000,100000000,100000000,1,,,USDT,live,,0.0001,GRT-USDT
,,1,1,linear,0.01,ICP,,ICP-USDT-SWAP,SWAP,75,1620982205000,1,100000000,100000000,400000,400000,100000000,100000000,1,,,USDT,live,,0.01,ICP-USDT
,,1,1,linear,1,IMX,,IMX-USDT-SWAP,SWAP,75,1637218222000,1,100000000,100000000,18000,18000,100000000,100000000,1,,,USDT,live,,0.001,IMX-USDT
,,1,1,linear,1000,IOST,,IOST-USDT-SWAP,SWAP,75,1611916828000,1,100000000,100000000,3000,3000,100000000,100000000,1,,,USDT,live,,0.00001,IOST-USDT
,,1,1,linear,10,IOTA,,IOTA-USDT-SWAP,SWAP,75,1611916828000,1,100000000,100000000,6000,6000,100000000,100000000,1,,,USDT,live,,0.0001,IOTA-USDT
,,1,1,linear,100,JST,,JST-USDT-SWAP,SWAP,75,1611916828000,1,100000000,100000000,22000,22000,100000000,100000000,1,,,USDT,live,,0.00001,JST-USDT
,,1,1,linear,1000000000,KISHU,,KISHU-USDT-SWAP,SWAP,75,1636113023000,1,100000000,100000000,20000,20000,100000000,100000000,1,,,USDT,live,,0.000000000001,KISHU-USDT
,,1,1,linear,1,KNC,,KNC-USDT-SWAP,SWAP,75,1611916828000,1,100000000,100000000,24000,24000,100000000,100000000,1,,,USDT,live,,0.0001,KNC-USDT
,,1,1,linear,0.1,KSM,,KSM-USDT-SWAP,SWAP,75,1611916828000,1,100000000,100000000,5000,5000,100000000,100000000,1,,,USDT,live,,0.01,KSM-USDT
,,1,1,linear,1,LINK,,LINK-USDT-SWAP,SWAP,75,1611916828000,1,100000000,100000000,10000,10000,100000000,100000000,1,,,USDT,live,,0.001,LINK-USDT
,,1,1,linear,1,LOOKS,,LOOKS-USDT-SWAP,SWAP,75,1645091480000,1,100000000,100000000,50000,50000,100000000,100000000,1,,,USDT,live,,0.0001,LOOKS-USDT
,,1,1,linear,0.1,LPT,,LPT-USDT-SWAP,SWAP,75,1619160696000,1,100000000,100000000,30000,30000,100000000,100000000,1,,,USDT,live,,0.01,LPT-USDT
,,1,1,linear,10,LRC,,LRC-USDT-SWAP,SWAP,75,1611916828000,1,100000000,100000000,12000,12000,100000000,100000000,1,,,USDT,live,,0.0001,LRC-USDT
,,1,1,linear,10,MANA,,MANA-USDT-SWAP,SWAP,75,1615542950000,1,100000000,100000000,4000,4000,100000000,100000000,1,,,USDT,live,,0.0001,MANA-USDT
,,1,1,linear,1,MASK,,MASK-USDT-SWAP,SWAP,75,1614841291000,1,100000000,100000000,11000,11000,100000000,100000000,1,,,USDT,live,,0.001,MASK-USDT
,,1,1,linear,10,MATIC,,MATIC-USDT-SWAP,SWAP,75,1619686612000,1,100000000,100000000,10000,10000,100000000,100000000,1,,,USDT,live,,0.0001,MATIC-USDT
,,1,1,linear,1,MINA,,MINA-USDT-SWAP,SWAP,75,1623228468000,1,100000000,100000000,30000,30000,100000000,100000000,1,,,USDT,live,,0.001,MINA-USDT
,,1,1,linear,0.01,MKR,,MKR-USDT-SWAP,SWAP,75,1611916828000,1,100000000,100000000,2000,2000,100000000,100000000,1,,,USDT,live,,0.1,MKR-USDT
,,1,1,linear,10,NEAR,,NEAR-USDT-SWAP,SWAP,75,1611916828000,1,100000000,100000000,1000,1000,100000000,100000000,1,,,USDT,live,,0.001,NEAR-USDT
,,1,1,linear,1,NEO,,NEO-USDT-SWAP,SWAP,75,1611916828000,1,100000000,100000000,5000,5000,100000000,100000000,1,,,USDT,live,,0.001,NEO-USDT
,,1,1,linear,1000000,NFT,,NFT-USDT-SWAP,SWAP,75,1638427904000,1,100000000,100000000,24000,24000,100000000,100000000,1,,,USDT,live,,0.0000000001,NFT-USDT
,,1,1,linear,1,NYM,,NYM-USDT-SWAP,SWAP,75,1650524174000,1,100000000,100000000,60000,60000,100000000,100000000,1,,,USDT,live,,0.0001,NYM-USDT
,,1,1,linear,1,OMG,,OMG-USDT-SWAP,SWAP,75,1611916828000,1,100000000,100000000,18000,18000,100000000,100000000,1,,,USDT,live,,0.001,OMG-USDT
,,1,1,linear,10,ONT,,ONT-USDT-SWAP,SWAP,75,1611916828000,1,100000000,100000000,11000,11000,100000000,100000000,1,,,USDT,live,,0.0001,ONT-USDT
,,1,1,linear,1,OP,,OP-USDT-SWAP,SWAP,75,1654055717000,1,100000000,100000000,50000,50000,100000000,100000000,1,,,USDT,live,,0.0001,OP-USDT
,,1,1,linear,100,PEOPLE,,PEOPLE-USDT-SWAP,SWAP,75,1638427889000,1,100000000,100000000,27000,27000,100000000,100000000,1,,,USDT,live,,0.00001,PEOPLE-USDT
,,1,1,linear,1,PERP,,PERP-USDT-SWAP,SWAP,75,1617354217000,1,100000000,100000000,1000,1000,100000000,100000000,1,,,USDT,live,,0.001,PERP-USDT
,,1,1,linear,1,QTUM,,QTUM-USDT-SWAP,SWAP,75,1611916828000,1,100000000,100000000,17000,17000,100000000,100000000,1,,,USDT,live,,0.001,QTUM-USDT
,,1,1,linear,10,REN,,REN-USDT-SWAP,SWAP,75,1611916828000,1,100000000,100000000,20000,20000,100000000,100000000,1,,,USDT,live,,0.0001,REN-USDT
,,1,1,linear,100,RSR,,RSR-USDT-SWAP,SWAP,75,1611916828000,1,100000000,100000000,26000,26000,100000000,100000000,1,,,USDT,live,,0.00001,RSR-USDT
,,1,1,linear,10,RVN,,RVN-USDT-SWAP,SWAP,75,1619160697000,1,100000000,100000000,100000,100000,100000000,100000000,1,,,USDT,live,,0.00001,RVN-USDT
,,1,1,linear,10,SAND,,SAND-USDT-SWAP,SWAP,75,1617354218000,1,100000000,100000000,3000,3000,100000000,100000000,1,,,USDT,live,,0.0001,SAND-USDT
,,1,1,linear,100,SC,,SC-USDT-SWAP,SWAP,75,1617872003000,1,100000000,100000000,37000,37000,100000000,100000000,1,,,USDT,live,,0.000001,SC-USDT
,,1,1,linear,1000000,SHIB,,SHIB-USDT-SWAP,SWAP,75,1620551348000,1,100000000000,100000000000,15000,15000,100000000000,100000000000,1,,,USDT,live,,0.00000001,SHIB-USDT
,,1,1,linear,10,SLP,,SLP-USDT-SWAP,SWAP,75,1629972222000,1,100000000,100000000,100000,100000,100000000,100000000,1,,,USDT,live,,0.00001,SLP-USDT
,,1,1,linear,1,SNX,,SNX-USDT-SWAP,SWAP,75,1611916828000,1,100000000,100000000,16000,16000,100000000,100000000,1,,,USDT,live,,0.001,SNX-USDT
,,1,1,linear,1,SOL,,SOL-USDT-SWAP,SWAP,75,1611916828000,1,100000000,100000000,2000,2000,100000000,100000000,1,,,USDT,live,,0.01,SOL-USDT
,,1,1,linear,1000000,SOS,,SOS-USDT-SWAP,SWAP,75,1640847459000,1,100000000,100000000,22000,22000,100000000,100000000,1,,,USDT,live,,0.000000001,SOS-USDT
,,1,1,linear,1,SRM,,SRM-USDT-SWAP,SWAP,75,1611916828000,1,100000000,100000000,33000,33000,100000000,100000000,1,,,USDT,live,,0.001,SRM-USDT
,,1,1,linear,100000,STARL,,STARL-USDT-SWAP,SWAP,75,1636113018000,1,100000000,100000000,20000,20000,100000000,100000000,1,,,USDT,live,,0.000000001,STARL-USDT
,,1,1,linear,10,STORJ,,STORJ-USDT-SWAP,SWAP,75,1611916828000,1,100000000,100000000,6000,6000,100000000,100000000,1,,,USDT,live,,0.0001,STORJ-USDT
,,1,1,linear,1,SUSHI,,SUSHI-USDT-SWAP,SWAP,75,1611916828000,1,100000000,100000000,21000,21000,100000000,100000000,1,,,USDT,live,,0.001,SUSHI-USDT
,,1,1,linear,100,SWEAT,,SWEAT-USDT-SWAP,SWAP,75,1663224936000,1,100000000,100000000,16000,16000,100000000,100000000,1,,,USDT,live,,0.0000001,SWEAT-USDT
,,1,1,linear,10,THETA,,THETA-USDT-SWAP,SWAP,75,1611916828000,1,100000000,100000000,3000,3000,100000000,100000000,1,,,USDT,live,,0.001,THETA-USDT
,,1,1,linear,0.01,TORN,,TORN-USDT-SWAP,SWAP,75,1614161731000,1,100000000,100000000,30000,30000,100000000,100000000,1,,,USDT,live,,0.01,TORN-USDT
,,1,1,linear,0.1,TRB,,TRB-USDT-SWAP,SWAP,75,1611916828000,1,100000000,100000000,22000,22000,100000000,100000000,1,,,USDT,live,,0.01,TRB-USDT
,,1,1,linear,1000,TRX,,TRX-USDT-SWAP,SWAP,75,1611916828000,1,1000000,1000000,2000,2000,1000000,1000000,1,,,USDT,live,,0.00001,TRX-USDT
,,1,1,linear,0.1,UMA,,UMA-USDT-SWAP,SWAP,75,1611916828000,1,100000000,100000000,37000,37000,100000000,100000000,1,,,USDT,live,,0.001,UMA-USDT
,,1,1,linear,10,UMEE,,UMEE-USDT-SWAP,SWAP,75,1645685725000,1,100000000,100000000,70000,70000,100000000,100000000,1,,,USDT,live,,0.00001,UMEE-USDT
,,1,1,linear,1,UNI,,UNI-USDT-SWAP,SWAP,75,1611916828000,1,100000000,100000000,8000,8000,100000000,100000000,1,,,USDT,live,,0.001,UNI-USDT
,,1,1,linear,1,WAVES,,WAVES-USDT-SWAP,SWAP,75,1611916828000,1,100000000,100000000,4000,4000,100000000,100000000,1,,,USDT,live,,0.001,WAVES-USDT
,,1,1,linear,0.1,WNXM,,WNXM-USDT-SWAP,SWAP,75,1611916828000,1,100000000,100000000,7000,7000,100000000,100000000,1,,,USDT,live,,0.01,WNXM-USDT
,,1,1,linear,0.01,XCH,,XCH-USDT-SWAP,SWAP,75,1620460471000,1,100000000,100000000,37000,37000,100000000,100000000,1,,,USDT,live,,0.01,XCH-USDT
,,1,1,linear,10,XEM,,XEM-USDT-SWAP,SWAP,75,1617872004000,1,100000000,100000000,31000,31000,100000000,100000000,1,,,USDT,live,,0.0001,XEM-USDT
,,1,1,linear,100,XLM,,XLM-USDT-SWAP,SWAP,75,1611916828000,1,100000000,100000000,5000,5000,100000000,100000000,1,,,USDT,live,,0.00001,XLM-USDT
,,1,1,linear,0.1,XMR,,XMR-USDT-SWAP,SWAP,75,1611916828000,1,100000000,100000000,6000,6000,100000000,100000000,1,,,USDT,live,,0.01,XMR-USDT
,,1,1,linear,1,XTZ,,XTZ-USDT-SWAP,SWAP,75,1611916828000,1,100000000,100000000,33000,33000,100000000,100000000,1,,,USDT,live,,0.001,XTZ-USDT
,,1,1,linear,0.0001,YFI,,YFI-USDT-SWAP,SWAP,75,1611916828000,1,100000000,100000000,41000,41000,100000000,100000000,1,,,USDT,live,,1,YFI-USDT
,,1,1,linear,0.001,YFII,,YFII-USDT-SWAP,SWAP,75,1611916828000,1,100000000,100000000,47000,47000,100000000,100000000,1,,,USDT,live,,0.1,YFII-USDT
,,1,1,linear,1,YGG,,YGG-USDT-SWAP,SWAP,75,1628240523000,1,100000000,100000000,50000,50000,100000000,100000000,1,,,USDT,live,,0.0001,YGG-USDT
,,1,1,linear,0.1,ZEC,,ZEC-USDT-SWAP,SWAP,75,1611916828000,1,100000000,100000000,10000,10000,100000000,100000000,1,,,USDT,live,,0.01,ZEC-USDT
,,1,1,linear,1,ZEN,,ZEN-USDT-SWAP,SWAP,75,1611916828000,1,100000000,100000000,2000,2000,100000000,100000000,1,,,USDT,live,,0.01,ZEN-USDT
,,1,1,linear,100,ZIL,,ZIL-USDT-SWAP,SWAP,75,1611916828000,1,100000000,100000000,12000,12000,100000000,100000000,1,,,USDT,live,,0.00001,ZIL-USDT
,,1,1,linear,10,ZRX,,ZRX-USDT-SWAP,SWAP,75,1611916828000,1,100000000,100000000,7000,7000,100000000,100000000,1,,,USDT,live,,0.0001,ZRX-USDT
